Name;Größe;Vorname;Nachname;Downloads;Datum;Pfad
Main.java;900;Torben;Wallbaum;157;"26.05.2025 12:43";src/com/thehxlab/adventureengine/Main.java
GameCompiler.java;1337;Torben;Wallbaum;146;"26.05.2025 12:43";src/com/thehxlab/adventureengine/compiler/GameCompiler.java
HSFLParser.java;7842;Torben;Wallbaum;146;"26.05.2025 12:43";src/com/thehxlab/adventureengine/compiler/HSFLParser.java
Action.java;305;Torben;Wallbaum;144;"26.05.2025 12:43";src/com/thehxlab/adventureengine/core/Action.java
Actionable.java;212;Torben;Wallbaum;144;"26.05.2025 12:43";src/com/thehxlab/adventureengine/core/Actionable.java
Actor.java;2235;Torben;Wallbaum;144;"26.05.2025 12:43";src/com/thehxlab/adventureengine/core/Actor.java
Command.java;262;Torben;Wallbaum;144;"26.05.2025 12:43";src/com/thehxlab/adventureengine/core/Command.java
GameWorld.java;1187;Torben;Wallbaum;146;"26.05.2025 12:43";src/com/thehxlab/adventureengine/core/GameWorld.java
Item.java;949;Torben;Wallbaum;144;"26.05.2025 12:43";src/com/thehxlab/adventureengine/core/Item.java
Lock.java;592;Torben;Wallbaum;144;"26.05.2025 12:43";src/com/thehxlab/adventureengine/core/Lock.java
Player.java;1324;Torben;Wallbaum;144;"26.05.2025 12:43";src/com/thehxlab/adventureengine/core/Player.java
Room.java;2686;Torben;Wallbaum;144;"26.05.2025 12:43";src/com/thehxlab/adventureengine/core/Room.java
CommandExecutor.java;11826;Torben;Wallbaum;146;"26.05.2025 12:43";src/com/thehxlab/adventureengine/interpreter/CommandExecutor.java
CommandParser.java;348;Torben;Wallbaum;145;"26.05.2025 12:43";src/com/thehxlab/adventureengine/interpreter/CommandParser.java
GameInterpreter.java;3155;Torben;Wallbaum;149;"26.05.2025 12:43";src/com/thehxlab/adventureengine/interpreter/GameInterpreter.java
DS_Store;6148;Torben;Wallbaum;144;"26.05.2025 12:43";src/com/thehxlab/adventureengine/io/DS_Store
FileReaderUtil.java;576;Torben;Wallbaum;145;"26.05.2025 12:43";src/com/thehxlab/adventureengine/io/FileReaderUtil.java
StringUtils.java;75;Torben;Wallbaum;145;"26.05.2025 12:43";src/com/thehxlab/adventureengine/utils/StringUtils.java
forrest.hsfl;1717;Torben;Wallbaum;139;"26.05.2025 13:43";forrest.hsfl
GameInterpreter.java;2820;Torben;Wallbaum;59;"26.05.2025 14:56";GameInterpreter.java
